,username,description,location,following,followers,totaltweets,retweetcount,text,hashtags
0,SurajCh4248417,,"Mumbai, India",37,28,892,3,"CBSE Class 12 board exams may be held after July !

Check it out - https://t.co/u0354vxFSv
#CBSE 
#CancelAllExams 
#DONTIGNORE12THSTUDENS 
#cancel12thboards 
#cancel12thboardexams2021 
#Internalassesment https://t.co/tOAhZ3GlLc","['CBSE', 'CancelAllExams']"
1,SurajCh4248417,,"Mumbai, India",37,28,892,26,"CBSE Class 12 Board Exams 2021 cancellation - CBSE makes BIG announcement !

Check it out - https://t.co/LiEFdiZ7XZ
#cbseboardexams2021 
#CancelGujaratExam 
#DONTIGNORE12THSTUDENS 
#cancel12thboardexams2021 
#cancelboards2021 
#CBSE 
#cancel 
#CancelAllExams 
#internalassesment https://t.co/cEETf5qieV",[]
2,SurajCh4248417,,"Mumbai, India",37,28,892,18,"Hindustani Bhau got arrested by Mumbai police for protesting to cancel board exams in India &amp; reduce fees !

Video Link - https://t.co/WYmJnxaCjF
#cancelboardexams2021 
#hindustanibhau 
#cancel12thboardexams2021 
#cancelupboardexams2021 
#CancelGujaratExam 
#CancelAllBoardExams",[]
3,SurajCh4248417,,"Mumbai, India",37,28,892,9,"CBSE Dost for Life App launched for mental well - being of students !

Check it out - https://t.co/xmUEnIwUeY
#cancel12thboards 
#CancelExamsSaveStudents 
#DONTIGNORE12THSTUDENS 
#JaanPeBhaari12thBoardExam2021 
#cancel12thboardexams2021 
#CANCEL12THBOARDEXAM2021 
#CBSE 
#cancel https://t.co/KXT28DnHAy",[]
4,SurajCh4248417,,"Mumbai, India",37,28,892,39,"Big update - CBSE Class 10 Board Exams 2021 results , marks uploading - CBSE takes BIG step !

Check it out - https://t.co/kqyyB3tXQb
#DONTIGNORE12THSTUDENTS 
#cancel12thboardexams2021 
#CancelAllBoardExams 
#cbseboardexams2021 
#saveboardstudent 
#CancelGujaratExam 
#COVID19 https://t.co/5nG13mcvnS",[]
5,SurajCh4248417,,"Mumbai, India",37,28,892,3,"CBSE Class 12 Board Exams 2021 cancellation - BIG updates students must know !

Check it out - https://t.co/nKr99j3lUl
@PMOIndia
@dinesh_sir
@anubha1812
#cancel12thboardexams2021 
#CancelAllExams 
#CBSE 
#CancelAllBoardExams 
#cancel12thboards 
#COVID19 
#Covid https://t.co/ZAc3Uatok9",[]
6,Salma70540589,,,4,11,2869,79,"Today Lahore Protest;
#CancelExamsSavesLives #cancelboardexams2021 #Exams #cancel12thboardexams2021 https://t.co/bhZIh1tedg","['CancelExamsSavesLives', 'cancelboardexams2021', 'Exams', 'cancel12thboardexams2021']"
7,SurajCh4248417,,"Mumbai, India",37,28,892,5,"When will new academic session at colleges &amp; universities begin ? No word yet from UGC , Government !

Check it out -https://t.co/VibbINXGdQ
#cancelapboardexams2021 
#CancelAllExams 
#cancel12thboardexams2021 
#COVID19Vaccination 
#COVID 
#EidMubarak 
#EidAlFitr 
#EidUlFitr https://t.co/65r3UHr7ug",[]
8,GAUTAMK72716918,"UPSC ASPIRANT'S ,
Chairman of yadav group of Travel's ,
Chairman of yadav group of institution,
Physics & History Lecturer of class 10th , 11th and  12th.","New Delhi, India",20,4,127,96,The life of Students of class XII are also important. They should not be discriminated against; their examinations should be cancelled with immediate effect. #cancel12thboardexams2021 #cancel12thboardexams2021 @anubha1812 @DrRPNishank @EduMinOfIndia @nidhiindiatv @cbseindia29,[]
9,duaashra,my life my ruleğŸŒ¼ğŸŒº,,186,69,2033,79,"Today Lahore Protest;
#CancelExamsSavesLives #cancelboardexams2021 #Exams #cancel12thboardexams2021 https://t.co/bhZIh1tedg","['CancelExamsSavesLives', 'cancelboardexams2021', 'Exams', 'cancel12thboardexams2021']"
10,Sumit44440159,,,64,0,54,1396,"#cancel12thboardexams2021

Everyone  please From 12 pm today 
Tag @PMOIndia @EduMinOfIndia @DrRPNishank and your state  CM 

All Students need Justice ğŸ”¥ğŸ”¥

Cancel All Exams
CBSE ICSE NIOS STATE BOARD ETC. https://t.co/44SVfqBbP1",['cancel12thboardexams2021']
11,Sumit44440159,,,64,0,54,7375,"Students of class 12 are now in depression for Board Exam Decision.
Approx 90% Students don't want to appear for Offline Exam.
Take decisions asap
#cancel12thboardexams2021
@PMOIndia @DrRPNishank @CMOMaharashtra @VarshaEGaikwad https://t.co/7gEmiqyaMp",[]
12,Sumit44440159,,,64,0,54,96,The life of Students of class XII are also important. They should not be discriminated against; their examinations should be cancelled with immediate effect. #cancel12thboardexams2021 #cancel12thboardexams2021 @anubha1812 @DrRPNishank @EduMinOfIndia @nidhiindiatv @cbseindia29,[]
13,Rushil59351024,passionate compassionate hardworker believer achiever,"Vijayawada, India",22,9,5092,1,"@AdvMamtaSharma @NcrParents @ysjagan @vijayanpinarayi @capt_amarinder @BSYBJP @ActivistSukhpal @STUDENTSDUNION Mam #cancel12thboardexams2021 
#cancelapboardexams2021 
Thanks for fighting for us.
But our educational minster @AudimulapSuresh  he is trying to held the exams even though we don't want to write the exams.
So kindly plz help us mam.",[]
14,Kashif68212296,Student,"Bhakkar, Pakistan",66,9,13,79,"Today Lahore Protest;
#CancelExamsSavesLives #cancelboardexams2021 #Exams #cancel12thboardexams2021 https://t.co/bhZIh1tedg","['CancelExamsSavesLives', 'cancelboardexams2021', 'Exams', 'cancel12thboardexams2021']"
15,Hareemf52234916,,,65,7,517,79,"Today Lahore Protest;
#CancelExamsSavesLives #cancelboardexams2021 #Exams #cancel12thboardexams2021 https://t.co/bhZIh1tedg","['CancelExamsSavesLives', 'cancelboardexams2021', 'Exams', 'cancel12thboardexams2021']"
16,Khan7777888,,,35,4,1777,79,"Today Lahore Protest;
#CancelExamsSavesLives #cancelboardexams2021 #Exams #cancel12thboardexams2021 https://t.co/bhZIh1tedg","['CancelExamsSavesLives', 'cancelboardexams2021', 'Exams', 'cancel12thboardexams2021']"
17,Eeshu1289,https://t.co/gctLmf8QuS and the most imp one fan of allu arjun..ğŸ˜ğŸ˜‰,,60,4,431,1,"@AdvMamtaSharma @NcrParents @ysjagan @vijayanpinarayi @capt_amarinder @BSYBJP @ActivistSukhpal @STUDENTSDUNION Mam #cancel12thboardexams2021 
#cancelapboardexams2021 
Thanks for fighting for us.
But our educational minster @AudimulapSuresh  he is trying to held the exams even though we don't want to write the exams.
So kindly plz help us mam.","['cancel12thboardexams2021', 'cancelapboardexams2021']"
18,tejus12217418,"ğŸ‘‘jai JAAT EktağŸ™
ğŸ‘‘jai haryanağŸ˜
ğŸ‘‘jai bharatğŸŒ
ğŸ‘‰Desi villagerğŸ‘‘
ğŸ‘‰ğŸ’¯Ã˜ffÄ¯Ã§Ä¯Ã£Å‚ Ã¢ÄÃ§ÃµÅ³Ã±Å£",,7,3,149,2,#savebalochistanstudents #save balochistanstudents #CancelExamsSaveLives #CancelCBSEPrivateExam #CancelPrivateExamToo #cancelprivateexam2021 #cancel12thboardexams2021 Ina Allah,"['savebalochistanstudents', 'save', 'CancelExamsSaveLives', 'CancelCBSEPrivateExam', 'CancelPrivateExamToo']"
19,AqSa30670002,,,18,53,1661,79,"Today Lahore Protest;
#CancelExamsSavesLives #cancelboardexams2021 #Exams #cancel12thboardexams2021 https://t.co/bhZIh1tedg","['CancelExamsSavesLives', 'cancelboardexams2021', 'Exams', 'cancel12thboardexams2021']"
20,Humayun3676,"#Proud_To_Be_Muslim#PakistaniğŸ˜ğŸ‡µğŸ‡°#Punjabi#SialkoTi#Mirza#Mughal#Brand#Aspirian#Meme_Lover #HM231
#Wish_me_on 9 July ğŸ‚ğŸ˜‡ ğŸ˜‚
#Cancerian â™‹ â™‹","Sialkot, Pakistan",63,31,1997,79,"Today Lahore Protest;
#CancelExamsSavesLives #cancelboardexams2021 #Exams #cancel12thboardexams2021 https://t.co/bhZIh1tedg","['CancelExamsSavesLives', 'cancelboardexams2021', 'Exams', 'cancel12thboardexams2021']"
21,SumitTi95247076,Oneironaut,,4,0,170,2,#savebalochistanstudents #save balochistanstudents #CancelExamsSaveLives #CancelCBSEPrivateExam #CancelPrivateExamToo #cancelprivateexam2021 #cancel12thboardexams2021 Ina Allah,"['savebalochistanstudents', 'save', 'CancelExamsSaveLives', 'CancelCBSEPrivateExam', 'CancelPrivateExamToo']"
22,Absham31769310,The future belongs to those who believe in the beauty of their dreamsâœ¨,,10,1,514,79,"Today Lahore Protest;
#CancelExamsSavesLives #cancelboardexams2021 #Exams #cancel12thboardexams2021 https://t.co/bhZIh1tedg","['CancelExamsSavesLives', 'cancelboardexams2021', 'Exams', 'cancel12thboardexams2021']"
23,UsmanBinNoman1,"Pakistan Zindabad 
Long Live Pakistan
We stand with Palestine",Pakistan,103,9,330,2,#savebalochistanstudents #save balochistanstudents #CancelExamsSaveLives #CancelCBSEPrivateExam #CancelPrivateExamToo #cancelprivateexam2021 #cancel12thboardexams2021 Ina Allah,"['savebalochistanstudents', 'save', 'CancelExamsSaveLives', 'CancelCBSEPrivateExam', 'CancelPrivateExamToo', 'cancelprivateexam2021', 'cancel12thboardexams2021']"
24,Notyourbae126,Pakistani  ğŸ‡µğŸ‡°ğŸ‡¹ğŸ‡·.,"Lahore, Pakistan",9,162,1347,79,"Today Lahore Protest;
#CancelExamsSavesLives #cancelboardexams2021 #Exams #cancel12thboardexams2021 https://t.co/bhZIh1tedg","['CancelExamsSavesLives', 'cancelboardexams2021', 'Exams', 'cancel12thboardexams2021']"
25,Aladeeeeeeeeen1,Discovering,,1680,245,3740,6,"Wow great 
#cancel12thboardexams2021 
#cancelboardexams2021 https://t.co/TI3K1ChURn","['cancel12thboardexams2021', 'cancelboardexams2021']"
26,CHAbdulQudoos4,Student,,50,2,1211,79,"Today Lahore Protest;
#CancelExamsSavesLives #cancelboardexams2021 #Exams #cancel12thboardexams2021 https://t.co/bhZIh1tedg","['CancelExamsSavesLives', 'cancelboardexams2021', 'Exams', 'cancel12thboardexams2021']"
27,Shubham83953209,,,13,1,377,10,"Circular for PEF Partners regarding relaxation in QAT. 

#cancelboardexams #cancel12thboardexams2021 #cancelAKTUexam2021 #cancleuniversityexams #cancelMGUexams #CancelExamsSavesLives #cancelbteexam #CancelExamsSaveLives #cancelExamsSaveStudent #Shafqatmehmood #NCOC https://t.co/TltzLiWNCQ","['cancelboardexams', 'cancel12thboardexams2021', 'cancelAKTUexam2021']"
28,AimenNawaz4,Give up is a word ! Known to me âŒ,,69,5,5,4,"#cancel12thboardexams2021
#cancelboardexams 
#ShafqatMahmood 
#NCOC 
#delayecat
Pls guys retweet this.
The dates have been announced. 12th exams start from 10. And university exams are on 8 july. What logic is this. Ecats are being conducted before papers. Pls stop this brutality","['cancel12thboardexams2021', 'cancelboardexams', 'ShafqatMahmood', 'NCOC', 'delayecat']"
29,Aqeel45790946,"CANCEL EXAM 2021 
STUDENT UNION 
WE WILL FIGHT TILL THE END 
#EXAMCANCELHOGA
ALL NEWS REGARDING EXAM , PROTEST,
FOLLOW FOR LATEST UPDATE",,37,12,409,79,"Today Lahore Protest;
#CancelExamsSavesLives #cancelboardexams2021 #Exams #cancel12thboardexams2021 https://t.co/bhZIh1tedg","['CancelExamsSavesLives', 'cancelboardexams2021', 'Exams', 'cancel12thboardexams2021']"
30,Riya57839230,,,7,0,106,4,"@DrRPNishank #PostponeNEETUGtillOctober #postponeneet2021 #postponefmge2021 

Agar NEET, JEE, FMGE
Jese exams ho skte h toh

Boards kyu nahi ho skte?
#cancel12thboardexams2021 
@DG_NTA
 
@DrRPNishank
 #NEET 
@Swamy39
 sir we need your support please ğŸ™ğŸ™ğŸ™","['PostponeNEETUGtillOctober', 'postponeneet2021', 'postponefmge2021']"
31,AhsanSh55287632,ACTIVE,,12,2,78,79,"Today Lahore Protest;
#CancelExamsSavesLives #cancelboardexams2021 #Exams #cancel12thboardexams2021 https://t.co/bhZIh1tedg","['CancelExamsSavesLives', 'cancelboardexams2021', 'Exams', 'cancel12thboardexams2021']"
32,Rohanda18738601,,,8,5,5664,17,"@anubha1812 @abhishekbscllb Mam'm please help us why discriminate between  regular and private students  mam'm please help us #cancel12thboardexams2021 
#CancelPrivateExam 
#justiceforprivatecandidates",[]
33,Asad51088574,Do Not Judge A Book By it's Cover,,115,18,644,79,"Today Lahore Protest;
#CancelExamsSavesLives #cancelboardexams2021 #Exams #cancel12thboardexams2021 https://t.co/bhZIh1tedg","['CancelExamsSavesLives', 'cancelboardexams2021', 'Exams', 'cancel12thboardexams2021']"
34,salmanali5076,,,292,19,2723,79,"Today Lahore Protest;
#CancelExamsSavesLives #cancelboardexams2021 #Exams #cancel12thboardexams2021 https://t.co/bhZIh1tedg","['CancelExamsSavesLives', 'cancelboardexams2021', 'Exams', 'cancel12thboardexams2021']"
35,kumarpr03911124,,,6,1,748,21,"@DrRPNishank @narendramodi @CBSEINDIA
Sir please Do justice with private candidates..we also deserve justice..please cancel cbse private exams..
#CancelCBSEPrivateExam 
#cancel12thboardexams2021 
#Justiceforcbseprivate https://t.co/OjDyzUDdLy",[]
36,umarfarooqoffic,ØªÙ…ÛØ§Ø±Û’ Ø¯Ù„ Ù…ÛŒÚº Ù…Ø¬Ú¾Û’ .............. Ø§ÛŒØ³Û’ Ø¹Ù…Ø± Ù‚ÛŒØ¯ Ù…Ù„Û’ Ú©Û ØªÚ¾Ú© Ø¬Ø§Ø¦ÛŒÚº Ø³Ø§Ø±Û’ ÙˆÚ©ÛŒÙ„ Ù¾Ø± Ù…Ø¬Ú¾Û’ Ø¶Ù…Ø§Ù†Øª Ù†Û Ù…Ù„Û’.........ğŸ˜˜,"Bahawalpur, Pakistan",134,56,154,0,"@MoonisElahi6 @Shafqat_Mahmood Sir please help me 
Hum logo ke teyari nhi hain college close thy 50 days main hum kesy exam ke teyari krain #cancel12thboardexams2021 
#cancelexamsavestudents","['cancel12thboardexams2021', 'cancelexamsavestudents']"
37,usana965,,"Ø§Ø³Ù„Ø§Ù… Ø¢Ø¨Ø§Ø¯, Ù¾Ø§Ú©Ø³ØªØ§Ù†",64,22,5656,75,cancel exams promote all students #Saturday_Nationwide_Protest #CancelAllExams #CancelAllExams #cancelboardexam2021 #cancel12thboardexams2021 #CancelExamsSaveLives #CancelExamSaveStudent #Shafqatmehmood https://t.co/doVTuEPhdK,"['Saturday_Nationwide_Protest', 'CancelAllExams', 'CancelAllExams', 'cancelboardexam2021']"
38,BMrumair,Hacker,,0,0,310,79,"Today Lahore Protest;
#CancelExamsSavesLives #cancelboardexams2021 #Exams #cancel12thboardexams2021 https://t.co/bhZIh1tedg","['CancelExamsSavesLives', 'cancelboardexams2021', 'Exams', 'cancel12thboardexams2021']"
39,mirmuawez5,nishatiansğŸ˜˜,,81,6,1812,79,"Today Lahore Protest;
#CancelExamsSavesLives #cancelboardexams2021 #Exams #cancel12thboardexams2021 https://t.co/bhZIh1tedg","['CancelExamsSavesLives', 'cancelboardexams2021', 'Exams', 'cancel12thboardexams2021']"
40,SunnyTi38470691,"#BJPâ™¥ï¸
#BHUMIHAR_SAHABğŸ’ª
#Kattar_Hinduâš”ï¸ğŸ™",,10,11,3039,6,#CancelPrivateExamToo We are also cbse students #cancel12thboardexams2021,"['CancelPrivateExamToo', 'cancel12thboardexams2021']"
41,SahilKumarYad16,,"Patna, India",15,0,165,6,#CancelPrivateExamToo We are also cbse students #cancel12thboardexams2021,"['CancelPrivateExamToo', 'cancel12thboardexams2021']"
42,jeetendrabehe15,,,17,21,17284,28,"Morning Friends ğŸŒ… ğŸŒ… ğŸŒ… 
#RamCharan @AlwaysRamCharan #SeethaRAMaRajuCHARAN #RC15 
#AlluriSitaRamaraju #RRRMovie 
@ssrajamouli @shankarshanmugh
#cancel12thboardexams2021 
WE LOVE RAMCHARAN 
MAN OF MASSES RAMCHARAN 

Ee Two Movies Ee Dates Lo Release Ayyi vuntay ğŸ’¥ğŸ”¥ğŸ’¥ğŸ”¥ğŸ’¥ğŸ”¥ https://t.co/iMWvEwUwRU","['RamCharan', 'SeethaRAMaRajuCHARAN', 'RC15', 'AlluriSitaRamaraju', 'RRRMovie']"
43,Muhamma13813056,Student,,32,16,2451,79,"Today Lahore Protest;
#CancelExamsSavesLives #cancelboardexams2021 #Exams #cancel12thboardexams2021 https://t.co/bhZIh1tedg","['CancelExamsSavesLives', 'cancelboardexams2021', 'Exams', 'cancel12thboardexams2021']"
44,Khan164477092,"Hater of Shafqat Mahmood

#CancelAllBoardExams2021",,479,77,4620,79,"Today Lahore Protest;
#CancelExamsSavesLives #cancelboardexams2021 #Exams #cancel12thboardexams2021 https://t.co/bhZIh1tedg","['CancelExamsSavesLives', 'cancelboardexams2021', 'Exams', 'cancel12thboardexams2021']"
45,AyeeshaAli3,,,18,13,2133,79,"Today Lahore Protest;
#CancelExamsSavesLives #cancelboardexams2021 #Exams #cancel12thboardexams2021 https://t.co/bhZIh1tedg","['CancelExamsSavesLives', 'cancelboardexams2021', 'Exams', 'cancel12thboardexams2021']"
46,SyedSha00207074,King Of Everyone's Heart,Karachi,12,4,272,79,"Today Lahore Protest;
#CancelExamsSavesLives #cancelboardexams2021 #Exams #cancel12thboardexams2021 https://t.co/bhZIh1tedg","['CancelExamsSavesLives', 'cancelboardexams2021', 'Exams', 'cancel12thboardexams2021']"
47,FawadAf21563343,Doing BS economics in University Of Peshawar,"Islamabad, Pakistan",520,591,892,79,"Today Lahore Protest;
#CancelExamsSavesLives #cancelboardexams2021 #Exams #cancel12thboardexams2021 https://t.co/bhZIh1tedg","['CancelExamsSavesLives', 'cancelboardexams2021', 'Exams', 'cancel12thboardexams2021']"
48,laddu_05,,"New Delhi, India",13,1,278,17,"@anubha1812 @abhishekbscllb Mam'm please help us why discriminate between  regular and private students  mam'm please help us #cancel12thboardexams2021 
#CancelPrivateExam 
#justiceforprivatecandidates",[]
49,its_fatymah,palestines life matter âœŠ,,74,110,2027,79,"Today Lahore Protest;
#CancelExamsSavesLives #cancelboardexams2021 #Exams #cancel12thboardexams2021 https://t.co/bhZIh1tedg","['CancelExamsSavesLives', 'cancelboardexams2021', 'Exams', 'cancel12thboardexams2021']"
50,TruthSp49628743,Blessings of God and prayers of mother,"Punjab, Pakistan",25,3,1129,3,"I am going to leave pakistan and shift to india, at least narindar modi cares about his youth unlike Imran khan
#CancelExamsSaveLives 
#cancelboardexam2021 
#cancel12thboardexams2021",[]
51,MoeezMustansar,"Optimism is the faith that leads to achievement,Nothing can be done without hope and confidence",,97,20,430,79,"Today Lahore Protest;
#CancelExamsSavesLives #cancelboardexams2021 #Exams #cancel12thboardexams2021 https://t.co/bhZIh1tedg","['CancelExamsSavesLives', 'cancelboardexams2021', 'Exams', 'cancel12thboardexams2021']"
52,isobansheikh,ig:im soban saleem,,68,21,2112,79,"Today Lahore Protest;
#CancelExamsSavesLives #cancelboardexams2021 #Exams #cancel12thboardexams2021 https://t.co/bhZIh1tedg","['CancelExamsSavesLives', 'cancelboardexams2021', 'Exams', 'cancel12thboardexams2021']"
53,Fahad25418747,Zidi,,87,11,729,79,"Today Lahore Protest;
#CancelExamsSavesLives #cancelboardexams2021 #Exams #cancel12thboardexams2021 https://t.co/bhZIh1tedg","['CancelExamsSavesLives', 'cancelboardexams2021', 'Exams', 'cancel12thboardexams2021']"
54,Alokkhosla143,Devotee of @AlwaysRamCharan Anna ğŸ˜â¤ï¸,"Orissa, India",2112,2061,91299,28,"Morning Friends ğŸŒ… ğŸŒ… ğŸŒ… 
#RamCharan @AlwaysRamCharan #SeethaRAMaRajuCHARAN #RC15 
#AlluriSitaRamaraju #RRRMovie 
@ssrajamouli @shankarshanmugh
#cancel12thboardexams2021 
WE LOVE RAMCHARAN 
MAN OF MASSES RAMCHARAN 

Ee Two Movies Ee Dates Lo Release Ayyi vuntay ğŸ’¥ğŸ”¥ğŸ’¥ğŸ”¥ğŸ’¥ğŸ”¥ https://t.co/iMWvEwUwRU","['RamCharan', 'SeethaRAMaRajuCHARAN', 'RC15', 'AlluriSitaRamaraju', 'RRRMovie']"
55,s_ahsaan,Tech Enthusiast.,,482,25,2206,79,"Today Lahore Protest;
#CancelExamsSavesLives #cancelboardexams2021 #Exams #cancel12thboardexams2021 https://t.co/bhZIh1tedg","['CancelExamsSavesLives', 'cancelboardexams2021', 'Exams', 'cancel12thboardexams2021']"
56,Ayeshak06909338,Janum fida e haidri ya Ali Ali Ali ğŸŒº,,48,56,3683,79,"Today Lahore Protest;
#CancelExamsSavesLives #cancelboardexams2021 #Exams #cancel12thboardexams2021 https://t.co/bhZIh1tedg","['CancelExamsSavesLives', 'cancelboardexams2021', 'Exams', 'cancel12thboardexams2021']"
57,kumarpr03911124,,,6,1,748,5,"#cancelapstateboardexams
#cancel12thboardexams2021 #cancelstateboardexams2021 please cancel ap 12th board examinations @AdvMamtaSharma @anubha1812 @advocate_tanvi @DrRPNishank @STUDENTSDUNION .our  educational minister announced today in a press meet. https://t.co/fEDjQxnBbx","['cancelapstateboardexams', 'cancel12thboardexams2021', 'cancelstateboardexams2021']"
58,kumarpr03911124,,,6,1,748,48,"Finally Telangana Government cancelled Intermediate 2nd year (12th) exams.
#cancelExamsSaveStudent #cancel12thboardexams2021 #cancelallstateboardexams #cancelallboardexams2021 #cancelboardexams2021 #Canceltelanganaboardexams #Telangana #AndhraPradesh #KCR #KTR https://t.co/uejE9NnfPn","['cancelExamsSaveStudent', 'cancel12thboardexams2021']"
59,kumarpr03911124,,,6,1,748,75,cancel exams promote all students #Saturday_Nationwide_Protest #CancelAllExams #CancelAllExams #cancelboardexam2021 #cancel12thboardexams2021 #CancelExamsSaveLives #CancelExamSaveStudent #Shafqatmehmood https://t.co/doVTuEPhdK,"['Saturday_Nationwide_Protest', 'CancelAllExams', 'CancelAllExams', 'cancelboardexam2021']"
60,Iishaa35313541,ìˆœìˆ˜í•œ ë§ˆìŒ â¤ï¸,,40,16,940,79,"Today Lahore Protest;
#CancelExamsSavesLives #cancelboardexams2021 #Exams #cancel12thboardexams2021 https://t.co/bhZIh1tedg","['CancelExamsSavesLives', 'cancelboardexams2021', 'Exams', 'cancel12thboardexams2021']"
61,Papabakar,Cryptooo,,347,366,251,79,"Today Lahore Protest;
#CancelExamsSavesLives #cancelboardexams2021 #Exams #cancel12thboardexams2021 https://t.co/bhZIh1tedg","['CancelExamsSavesLives', 'cancelboardexams2021', 'Exams', 'cancel12thboardexams2021']"
62,Deepans20611713,"Judging a person not define who they are, 
it defines who are you",,35,13,862,6,#CancelPrivateExamToo We are also cbse students #cancel12thboardexams2021,"['CancelPrivateExamToo', 'cancel12thboardexams2021']"
63,examscancelkro1,,,47,13,818,79,"Today Lahore Protest;
#CancelExamsSavesLives #cancelboardexams2021 #Exams #cancel12thboardexams2021 https://t.co/bhZIh1tedg","['CancelExamsSavesLives', 'cancelboardexams2021', 'Exams', 'cancel12thboardexams2021']"
64,anonymous_9893,Just do for others,,29,1,157,489,"@HRDMinistry @STUDENTSDUNION @AllCBSENews @CBSEWaleBhaiya @TheAnuragTyagi @cbseindia29 Quote retweet guys, only retweets dont help in growing the trend so quote retweet using hashtag

#cancel12thboardexams2021",[]
65,kumarpr03911124,,,6,1,748,17,"@anubha1812 @abhishekbscllb Mam'm please help us why discriminate between  regular and private students  mam'm please help us #cancel12thboardexams2021 
#CancelPrivateExam 
#justiceforprivatecandidates",[]
66,HamzaKh55505318,,,0,2,1467,75,cancel exams promote all students #Saturday_Nationwide_Protest #CancelAllExams #CancelAllExams #cancelboardexam2021 #cancel12thboardexams2021 #CancelExamsSaveLives #CancelExamSaveStudent #Shafqatmehmood https://t.co/doVTuEPhdK,"['Saturday_Nationwide_Protest', 'CancelAllExams', 'CancelAllExams', 'cancelboardexam2021']"
67,Gadgore1,"ğğ¨ğ«ğ§ ğ­ğ¨ ğğ±ğ©ğ«ğğ¬ğ¬ ğ§ğ¨ğ­ ğ­ğ¨ ğ¢ğ¦ğ©ğ«ğğ¬ğ¬.âŒ
ğğ«ğ¨ğ®ğ ğ­ğ¨ ğ›ğ ğŒğ®ğ¬ğ¥ğ¢ğ¦â¤ï¸
#TeamErtugrul","Punjab, Pakistan",2612,224,1962,79,"Today Lahore Protest;
#CancelExamsSavesLives #cancelboardexams2021 #Exams #cancel12thboardexams2021 https://t.co/bhZIh1tedg","['CancelExamsSavesLives', 'cancelboardexams2021', 'Exams', 'cancel12thboardexams2021']"
68,usana965,,"Ø§Ø³Ù„Ø§Ù… Ø¢Ø¨Ø§Ø¯, Ù¾Ø§Ú©Ø³ØªØ§Ù†",64,22,5656,79,"Today Lahore Protest;
#CancelExamsSavesLives #cancelboardexams2021 #Exams #cancel12thboardexams2021 https://t.co/bhZIh1tedg","['CancelExamsSavesLives', 'cancelboardexams2021', 'Exams', 'cancel12thboardexams2021']"
69,Abdulla04952503,Can't express love for PAK Army in words.,,115,45,6542,79,"Today Lahore Protest;
#CancelExamsSavesLives #cancelboardexams2021 #Exams #cancel12thboardexams2021 https://t.co/bhZIh1tedg","['CancelExamsSavesLives', 'cancelboardexams2021', 'Exams', 'cancel12thboardexams2021']"
70,MehfoozUlHaq13,,,138,19,350,79,"Today Lahore Protest;
#CancelExamsSavesLives #cancelboardexams2021 #Exams #cancel12thboardexams2021 https://t.co/bhZIh1tedg","['CancelExamsSavesLives', 'cancelboardexams2021', 'Exams', 'cancel12thboardexams2021']"
71,Anabiya80430751,,,24,31,6961,79,"Today Lahore Protest;
#CancelExamsSavesLives #cancelboardexams2021 #Exams #cancel12thboardexams2021 https://t.co/bhZIh1tedg","['CancelExamsSavesLives', 'cancelboardexams2021', 'Exams', 'cancel12thboardexams2021']"
72,AbdullahJutt466,,,175,5,415,79,"Today Lahore Protest;
#CancelExamsSavesLives #cancelboardexams2021 #Exams #cancel12thboardexams2021 https://t.co/bhZIh1tedg","['CancelExamsSavesLives', 'cancelboardexams2021', 'Exams', 'cancel12thboardexams2021']"
73,jeetusingh9550,"proud to be a sikh
 student",,98,38,1109,0,"Students protest me interest show nhi kr rhe jb july start hoga phr yaad ayega inko exam phr bolien ge hmare leye awaz otaoo abi se niklo
#cancel12thboardexams2021 
#CancelExamsSavesLives 
#WakeUpPakStudents 
Chup 
#ARYNewsUrdu","['cancel12thboardexams2021', 'CancelExamsSavesLives', 'WakeUpPakStudents', 'ARYNewsUrdu']"
74,Shahmir64929106,,"Karachi, Pakistan",1,10,2693,79,"Today Lahore Protest;
#CancelExamsSavesLives #cancelboardexams2021 #Exams #cancel12thboardexams2021 https://t.co/bhZIh1tedg","['CancelExamsSavesLives', 'cancelboardexams2021', 'Exams', 'cancel12thboardexams2021']"
75,jeetusingh9550,"proud to be a sikh
 student",,98,38,1109,79,"Today Lahore Protest;
#CancelExamsSavesLives #cancelboardexams2021 #Exams #cancel12thboardexams2021 https://t.co/bhZIh1tedg","['CancelExamsSavesLives', 'cancelboardexams2021', 'Exams', 'cancel12thboardexams2021']"
76,FalakHu61173034,,Delhi,66,13,154,6,#CancelPrivateExamToo We are also cbse students #cancel12thboardexams2021,"['CancelPrivateExamToo', 'cancel12thboardexams2021']"
77,SyedIlham305,,"Islamabad, Pakistan",7,23,8280,79,"Today Lahore Protest;
#CancelExamsSavesLives #cancelboardexams2021 #Exams #cancel12thboardexams2021 https://t.co/bhZIh1tedg","['CancelExamsSavesLives', 'cancelboardexams2021', 'Exams', 'cancel12thboardexams2021']"
78,Omar_farrooq,"Be mindful of ALLAH if you are TRULY BELIEVER.
#FreePalestine
#FreeKashmir
#FreeSyria
#FreeUyghur
#FreeYemen",,34,5,744,79,"Today Lahore Protest;
#CancelExamsSavesLives #cancelboardexams2021 #Exams #cancel12thboardexams2021 https://t.co/bhZIh1tedg","['CancelExamsSavesLives', 'cancelboardexams2021', 'Exams', 'cancel12thboardexams2021']"
79,irfan_zaynab,#freepalestine,,12,52,802,79,"Today Lahore Protest;
#CancelExamsSavesLives #cancelboardexams2021 #Exams #cancel12thboardexams2021 https://t.co/bhZIh1tedg","['CancelExamsSavesLives', 'cancelboardexams2021', 'Exams', 'cancel12thboardexams2021']"
80,SaurabBhattach3,"I am a citizen of Assam, Assam is a 2nd biggest state in North East â¤ï¸â¤ï¸â¤ï¸","Silchar, India",43,7,5634,2,"@atanubhuyan Cancel exam save student live 
#cancel12thboardexams2021 
#CancelAssamBoardExams 
#CancelExamsSavesLives 
@himantabiswa 
@ranojpegu 
@atanubhuyan","['cancel12thboardexams2021', 'CancelAssamBoardExams', 'CancelExamsSavesLives']"
81,rehanKh65858068,khsn,,19,4,1034,3,"I am going to leave pakistan and shift to india, at least narindar modi cares about his youth unlike Imran khan
#CancelExamsSaveLives 
#cancelboardexam2021 
#cancel12thboardexams2021",[]
82,AhmedSu70224041,,,24,21,2422,3,"I am going to leave pakistan and shift to india, at least narindar modi cares about his youth unlike Imran khan
#CancelExamsSaveLives 
#cancelboardexam2021 
#cancel12thboardexams2021",[]
83,chailover102,,,366,16,875,79,"Today Lahore Protest;
#CancelExamsSavesLives #cancelboardexams2021 #Exams #cancel12thboardexams2021 https://t.co/bhZIh1tedg","['CancelExamsSavesLives', 'cancelboardexams2021', 'Exams', 'cancel12thboardexams2021']"
84,ilovekpopwbu,ARMYğŸ’•ğŸ’•,,21,22,570,3,"I am going to leave pakistan and shift to india, at least narindar modi cares about his youth unlike Imran khan
#CancelExamsSaveLives 
#cancelboardexam2021 
#cancel12thboardexams2021","['CancelExamsSaveLives', 'cancelboardexam2021', 'cancel12thboardexams2021']"
85,HassaanKhanSab1,â€ÙˆÙ ØªÙØ¹ÙØ²ÙÙ‘ Ù…ÙÙ†Ù’ ØªÙØ´ÙØ§Ø¡Ù ÙˆÙØªÙØ°ÙÙ„ÙÙ‘ Ù…ÙÙ†Ù’ ØªÙØ´ÙØ§Ø¡Ùâ™¥ï¸,"Multan, Pakistan",238,19,1673,79,"Today Lahore Protest;
#CancelExamsSavesLives #cancelboardexams2021 #Exams #cancel12thboardexams2021 https://t.co/bhZIh1tedg","['CancelExamsSavesLives', 'cancelboardexams2021', 'Exams', 'cancel12thboardexams2021']"
86,ARYARAJ985,I AM STRUGGLING HARD FOR MY SUCCESS,,40,7,1145,3,"#CancelPrivateExamToo #cancel12thboardexams2021 #CBSEPrivateExamCancel #cancelprivatestudentexam 

It's unfair. We will miss the admission process of collage. And it's unfair. We are facing same problem as others.@msisodia @rahulkanwal @cbseindia29 @ArvindKejriwal https://t.co/egyvk3LwXR","['CancelPrivateExamToo', 'cancel12thboardexams2021', 'CBSEPrivateExamCancel', 'cancelprivatestudentexam']"
87,ARYARAJ985,I AM STRUGGLING HARD FOR MY SUCCESS,,40,7,1145,6,#CancelPrivateExamToo We are also cbse students #cancel12thboardexams2021,"['CancelPrivateExamToo', 'cancel12thboardexams2021']"
88,Aiman98934045,,,36,130,10927,79,"Today Lahore Protest;
#CancelExamsSavesLives #cancelboardexams2021 #Exams #cancel12thboardexams2021 https://t.co/bhZIh1tedg","['CancelExamsSavesLives', 'cancelboardexams2021', 'Exams', 'cancel12thboardexams2021']"
89,WaleedM43070250,ALONE BUT HAPPY,,45,4,69,79,"Today Lahore Protest;
#CancelExamsSavesLives #cancelboardexams2021 #Exams #cancel12thboardexams2021 https://t.co/bhZIh1tedg","['CancelExamsSavesLives', 'cancelboardexams2021', 'Exams', 'cancel12thboardexams2021']"
90,Alok_Wanted,"Professional Teachers for class 11&12..âœâœ 
at BrightNess Classes on YouTube Channel
Lifestyles Vlogger at YouTube Channel",Dhanbad,28,10,201,17,"@anubha1812 @abhishekbscllb Mam'm please help us why discriminate between  regular and private students  mam'm please help us #cancel12thboardexams2021 
#CancelPrivateExam 
#justiceforprivatecandidates",[]
91,PiyushG08137555,,,9,0,7,3,"#CancelPrivateExamToo #cancel12thboardexams2021 #CBSEPrivateExamCancel #cancelprivatestudentexam 

It's unfair. We will miss the admission process of collage. And it's unfair. We are facing same problem as others.@msisodia @rahulkanwal @cbseindia29 @ArvindKejriwal https://t.co/egyvk3LwXR","['CancelPrivateExamToo', 'cancel12thboardexams2021', 'CBSEPrivateExamCancel', 'cancelprivatestudentexam']"
92,Imranal93605561,"CBSE good decisionğŸ™‚
please cancel state board examsâŒğŸ™ğŸš¨ğŸ‡®ğŸ‡³
#cancelexamsavestudent
#cancel12thboardexam
#CancelAssamBoardExans
#cancelallboardexam","Guwahati, India",90,33,3809,2,"@atanubhuyan Cancel exam save student live 
#cancel12thboardexams2021 
#CancelAssamBoardExams 
#CancelExamsSavesLives 
@himantabiswa 
@ranojpegu 
@atanubhuyan","['cancel12thboardexams2021', 'CancelAssamBoardExams', 'CancelExamsSavesLives']"
93,Prem63191212,,,17,0,38,3,"#CancelPrivateExamToo #cancel12thboardexams2021 #CBSEPrivateExamCancel #cancelprivatestudentexam 

It's unfair. We will miss the admission process of collage. And it's unfair. We are facing same problem as others.@msisodia @rahulkanwal @cbseindia29 @ArvindKejriwal https://t.co/egyvk3LwXR","['CancelPrivateExamToo', 'cancel12thboardexams2021', 'CBSEPrivateExamCancel', 'cancelprivatestudentexam']"
94,sumit__Kundu,"Interested in Art and culture, Travelling, Food and tradition, Nature lover...",,226,2,175,6,#CancelPrivateExamToo We are also cbse students #cancel12thboardexams2021,"['CancelPrivateExamToo', 'cancel12thboardexams2021']"
95,CuterMansi23,Living the dreamsğŸ¤—,india,262,39,984,6,#CancelPrivateExamToo We are also cbse students #cancel12thboardexams2021,"['CancelPrivateExamToo', 'cancel12thboardexams2021']"
96,Rajanis94803476,Still study,,4,0,25,0,@NidhiTanejaa #cancel12thboardexams2021 for private mam,['cancel12thboardexams2021']
97,SurajCh4248417,,"Mumbai, India",37,28,892,5,"We've crossed the mark of 1 MILLION Tweets ğŸ”¥
#cancel12thboardexams2021 
@PMOIndia 
@DrRPNishank 
@VarshaEGaikwad 
@CMOMaharashtra 
We'll Win !
#Trending https://t.co/GsqaE6LX1g",['cancel12thboardexams2021']
98,VivekKirti3,veterinarian,"à¤­à¥à¤µà¤¨à¥‡à¤¶à¥à¤µà¤°, à¤­à¤¾à¤°à¤¤",108,11,80,3,"@DrRPNishank @narendramodi @mygovindia @PIB_India @DDNewslive @PMOIndia @MIB_India @EduMinOfIndia Respected Sir, So PRIVATE CANDIDATES/COMPARTMENT students are immortal or what..if pvt.candidates are kept with covid patient they will not get affected...
Plz sir cancel pvt.candidate class XII exam.
#cancelExamsSaveStudent
#cancel12thboardexams2021 
#cancelpvt.candidateexam",[]
99,Fawad_Ahmed29,"Alhamdulillah for everythingğŸ’™












PihotographerğŸ“·
 











Fitness FreakğŸ’ª











SagittariusğŸ’«

https://t.co/NtlDqGsNwy","Gujranwala, Pakistan",30,92,5421,17,"So, Sir Javed Iqbal, a very well-known teacher and motivational speaker, is also in favour of the cancellation of Exams. #ShafqatMahmood #CancelExamsSaveStudents
#cancel12thboardexams2021 https://t.co/aPy7d6i5GZ",[]
